time,x,y,z,roll,pitch,yaw
19.941561,0.078109,0.057111,0.294279,171.3319942097734,-30.051391510864974,178.3376419962785
19.947411,0.078196,0.057247,0.29385,171.27446304721286,-30.01234083697306,178.3396085746492
19.949377,0.078302,0.057339,0.293388,171.25386103141435,-29.998792676057366,178.3586450511673
19.953382,0.078435,0.057383,0.2929,171.23137468981417,-29.99480987309275,178.40018467250502
19.959741,0.088291,0.058791,0.297089,-172.57200141708424,-15.270826923140152,-174.05767113459848
19.962947,0.088508,0.059272,0.296716,-172.55625089988226,-15.269378000303098,-174.04269775317314
19.965369,0.088734,0.059714,0.296345,-172.53611669288992,-15.263495826952543,-174.0288683374925
19.971454,0.088968,0.060135,0.295971,-172.5151734522055,-15.255727161012166,-174.01593809279817
19.979419,0.090429,0.049114,0.299,-170.08314459509756,-14.105294456123428,-173.3589261636967
19.98339,0.090649,0.049187,0.298792,-170.06641304273495,-14.095098268454862,-173.35011942251367
19.987358,0.090872,0.049246,0.298583,-170.05311424587435,-14.084914449476024,-173.34343730753284
19.989371,0.091099,0.049288,0.298374,-170.03956426091275,-14.075448055504816,-173.33929059227094
19.999416,0.085922,0.078714,0.291524,177.77599144079525,-18.713733010931026,-178.05567070531322
20.001348,0.08615,0.078939,0.291172,177.79736999606044,-18.70723544829938,-178.05352938127686
20.007465,0.086393,0.079115,0.290814,177.82077186631423,-18.701563922734085,-178.04892017015834
20.009367,0.086652,0.07924,0.29045,177.84468639509555,-18.69467043667429,-178.04023625462065
20.013424,0.086927,0.079315,0.290082,177.86783326736517,-18.687909200249667,-178.0254963514503
20.021403,0.083546,0.09448,0.285881,170.8721300763193,-22.366334771588928,179.28170968895415
20.027475,0.083847,0.09441,0.285395,170.89804483368755,-22.360030972829236,179.31336980006682
20.031549,0.084169,0.094271,0.284898,170.92850100777144,-22.357422689900222,179.3492310204068
20.033435,0.084512,0.094063,0.284391,170.9647294801013,-22.359078030527897,179.38768379913554
20.043405,0.086021,0.066933,0.293965,178.3167746333975,-19.421175497468543,-178.80677265714812
20.047437,0.086324,0.066139,0.293843,178.37367165580437,-19.440653648519366,-178.7650463767574
20.049414,0.086648,0.065301,0.293718,178.4327222380811,-19.461213860769938,-178.72043436390965
20.055759,0.086993,0.064418,0.293588,178.491783825082,-19.482021378135805,-178.67397495269458
20.059503,0.085678,0.06731,0.292648,-178.04134637252585,-18.654437605782782,-177.32964775000923
20.067666,0.086304,0.065964,0.292331,-177.93681775411028,-18.68778098298719,-177.24790637018847
20.071376,0.08665,0.065243,0.29217,-177.89280140828092,-18.69903334575815,-177.2131093469121
20.075496,0.087019,0.064491,0.292006,-177.85750552232554,-18.706311613041684,-177.18136994555115
20.081415,0.086385,0.06448,0.292287,-176.26655745716087,-17.842946293685287,-176.30714783096693
20.087389,0.08709,0.063039,0.291982,-176.24959976137458,-17.8431709982582,-176.25359000993853
20.09138,0.087474,0.062278,0.291824,-176.25315888406735,-17.838010994729856,-176.2327960879299
20.093398,0.087878,0.061488,0.291664,-176.25996937132024,-17.828792832724822,-176.21801014472814
20.099398,0.086459,0.075045,0.289492,-175.4562131188207,-16.788074051474837,-175.04312644432966
20.103364,0.086806,0.07464,0.289277,-175.46688404241254,-16.771012906340857,-175.0396156021085
20.111471,0.08755,0.073743,0.288844,-175.49630861639372,-16.726190968353567,-175.0419717972854
20.115411,0.087948,0.073251,0.288628,-175.51905681015782,-16.70100814304693,-175.04585007774222
20.121732,0.087993,0.065444,0.290992,-174.10499543554658,-15.877331786039079,-174.76581778750082
20.123411,0.088372,0.064768,0.290853,-174.13393715780583,-15.85300068850535,-174.77131943195212
20.12939,0.08917,0.063324,0.290582,-174.18781733019117,-15.812953908830437,-174.78339033702275
20.135417,0.089588,0.062551,0.29045,-174.20836168642583,-15.800284282549384,-174.78732545089326
20.141489,0.088241,0.069824,0.287876,-178.48887022570358,-17.88871348538018,-176.40746024011835
20.143385,0.08871,0.06897,0.287681,-178.49082491874455,-17.890837520651527,-176.40206501413567
20.147356,0.089195,0.06807,0.287486,-178.48060984137337,-17.900797096030008,-176.39063970526433
20.151357,0.089697,0.067125,0.287289,-178.45892873717065,-17.91821929466681,-176.3730690505134
20.153425,0.090218,0.066133,0.287091,-178.42511639141333,-17.940441787071094,-176.35013185364545
20.159367,0.089616,0.068301,0.285718,179.30072015315972,-19.17337714390504,-177.13229007773825
20.163362,0.090182,0.067184,0.28548,179.35088151311263,-19.201168597643168,-177.09980916175437
20.167541,0.09077,0.066019,0.285237,179.4078184865087,-19.230655372964208,-177.06579982640042
20.175382,0.092017,0.063544,0.284743,179.53180542078042,-19.28643935055481,-176.99403629762728
20.181482,0.091504,0.063787,0.283819,177.94734973680636,-20.19124457303568,-177.51963413348787
20.183537,0.092182,0.062398,0.28354,178.00372604415338,-20.21211690681204,-177.47964471218748
20.187408,0.092885,0.060961,0.283254,178.0552283118408,-20.23123386804419,-177.44082595901506
20.189505,0.093613,0.059477,0.282963,178.1024195366102,-20.250334175644785,-177.4053208169219
20.195382,0.094365,0.057949,0.282668,178.14538942261714,-20.268852426500366,-177.3735115367391
20.201493,0.093788,0.057058,0.282053,176.92532619866708,-20.914126914431716,-177.746535419107
20.203439,0.09457,0.055393,0.281732,176.96402658497382,-20.934104408408547,-177.72336644187487
20.207405,0.095378,0.053678,0.281405,176.99988507048286,-20.95288534141108,-177.70484973021763
20.211416,0.096212,0.051915,0.281069,177.03010861315002,-20.97050289557899,-177.68976241501778
20.221625,0.091116,0.04565,0.289227,-178.58260218812518,-18.630381847857585,-176.91578915947952
20.224099,0.091765,0.04389,0.289115,-178.58037742695694,-18.639362422617307,-176.910883052693
20.227383,0.092433,0.042092,0.289,-178.5877687275781,-18.64394014366088,-176.90901037204333
20.231428,0.09312,0.040255,0.288881,-178.60388553541907,-18.64589531061534,-176.91022063310976
20.235556,0.093827,0.038377,0.288759,-178.62636032387948,-18.64460316747146,-176.91396443977402
20.2414,0.090868,0.04635,0.290497,-176.27417888713998,-17.307575533524936,-176.12966638373462
20.243351,0.091477,0.044676,0.290439,-176.3132758775891,-17.30006236017048,-176.13528328137423
20.247376,0.092102,0.042969,0.29038,-176.36128348951476,-17.289368227727547,-176.14189593049971
20.249335,0.09274,0.041226,0.290317,-176.41686033433731,-17.277116181232763,-176.14884994907388
20.255373,0.093392,0.03945,0.290252,-176.47918883087834,-17.262421835584536,-176.1560207727174
20.263376,0.091672,0.044643,0.290539,-174.98260324280832,-16.634258591682645,-175.21874989562752
20.267454,0.092273,0.042978,0.290502,-175.05722745076065,-16.61640525917037,-175.22796084801112
20.271544,0.092885,0.041281,0.290464,-175.13413774999765,-16.597245620723605,-175.23880515846574
20.273327,0.093507,0.039552,0.290426,-175.2122389434198,-16.57793737246158,-175.2516837101958
20.279416,0.091548,0.045817,0.290627,-173.9758815485447,-16.006467161761147,-174.53118169235594
20.28343,0.092108,0.044211,0.290616,-174.0580428930428,-15.982710638917458,-174.54857572561497
20.287391,0.092677,0.042574,0.290604,-174.1431751373191,-15.95662788284269,-174.5682902861409
20.291441,0.093256,0.040908,0.290593,-174.23276522874724,-15.926790184483087,-174.58885673299417
20.295448,0.093845,0.039216,0.290581,-174.33004960126493,-15.891958361972998,-174.60948257217723
20.30144,0.092605,0.038332,0.291834,-173.39907672265807,-15.453997565959703,-174.2056027895397
20.307391,0.093697,0.034936,0.291891,-173.6429315020189,-15.354481941186789,-174.24259152467064
20.311476,0.094259,0.0332,0.29192,-173.7795098192822,-15.295661338731495,-174.26257414374845
20.315373,0.094831,0.03144,0.29195,-173.92389766009416,-15.231248217605247,-174.28476127914905
20.319737,0.093194,0.036181,0.292364,-173.06388917459134,-14.757004180769767,-173.81797564547927
20.323591,0.093712,0.034516,0.292428,-173.21968843061234,-14.681418386279985,-173.84143166191015
20.327373,0.094238,0.032828,0.292495,-173.38032403633966,-14.600879077821787,-173.8667452965031
20.331361,0.094775,0.031113,0.292567,-173.54584081225542,-14.517526944057922,-173.89373231026124
20.335369,0.09532,0.029372,0.292644,-173.71401974554175,-14.432112098945181,-173.92165432191842
20.339419,0.093353,0.036313,0.293006,-173.1254193476384,-13.825241182209234,-173.57032225001893
20.343401,0.093824,0.034687,0.293129,-173.29706500259257,-13.741421674945716,-173.59890229725133
20.351382,0.09478,0.031358,0.293394,-173.63065647594115,-13.589877269696753,-173.66144443964058
20.355382,0.095267,0.029652,0.293537,-173.7906236292595,-13.522595235320889,-173.69557932989505
20.359376,0.092873,0.040432,0.293011,-173.13732906688298,-13.392956280285958,-172.89731305792876
20.363381,0.093293,0.038905,0.293186,-173.2927091508771,-13.331548354948485,-172.93057719811182
20.367641,0.093723,0.037357,0.293365,-173.4495984343598,-13.271024586563712,-172.96329245960212
20.375455,0.094607,0.034202,0.293741,-173.77295652413724,-13.147521859811437,-173.0283848821246
20.381376,0.0932,0.034348,0.294922,-173.84933807021898,-13.041048555576904,-172.98647978766635
20.383422,0.093609,0.032757,0.295161,-174.02225781572824,-12.971493663640068,-173.02303340578192
20.387356,0.094031,0.031148,0.295408,-174.19902784173902,-12.896679475819747,-173.06306127623546
20.395356,0.094908,0.027883,0.295926,-174.56670350844516,-12.73507914849129,-173.15368486925462
20.401369,0.093779,0.025944,0.297738,-173.54064581222147,-12.085980264378078,-172.86752763334482
20.40367,0.094163,0.024332,0.298063,-173.7361485579252,-12.001785109679236,-172.92071786938487
20.407353,0.094557,0.022708,0.298398,-173.9358348038197,-11.919822880918307,-172.9783231921851
20.411347,0.094961,0.021071,0.298741,-174.13906905109258,-11.840084704867975,-173.03995586650498
20.41933,0.094106,0.018265,0.300408,-174.53265966791395,-11.60617803311334,-173.14408947433307
20.423402,0.094482,0.016599,0.300809,-174.75218897932834,-11.531663962055664,-173.21636260482992
20.427354,0.094869,0.014919,0.301217,-174.97685350254744,-11.458078379721009,-173.29103647549945
20.431352,0.095267,0.013226,0.301633,-175.20599810145643,-11.383601202040133,-173.36698953569552
20.439355,0.094462,0.010776,0.302909,-175.3189066434599,-11.041663422372157,-173.44718542421109
20.443386,0.09483,0.009079,0.303358,-175.56837976298925,-10.965283863422602,-173.52011989011703
20.447335,0.095207,0.007368,0.303811,-175.82324849846006,-10.889509791067907,-173.59146311537452
20.451365,0.095594,0.005643,0.304268,-176.08034566060158,-10.814165860556711,-173.66162561826272
20.455338,0.09599,0.003902,0.304728,-176.33668693073142,-10.739985400437932,-173.7307813073293
20.46339,0.094524,0.008619,0.305086,-176.40335949994113,-10.408715315429497,-173.5848997083446
20.467335,0.094881,0.006972,0.305564,-176.64225570928906,-10.33748150789184,-173.64898955839587
20.47136,0.095247,0.005309,0.306046,-176.87495131228897,-10.26784487570077,-173.7101217713698
20.475371,0.095621,0.003628,0.306534,-177.10207428423385,-10.199510815909854,-173.76725239851848
20.483363,0.094972,0.001743,0.307923,-177.40829070509804,-9.95956557807649,-173.7889574858571
20.487439,0.095321,4.2e-05,0.308438,-177.6212061785316,-9.902075183896546,-173.83091577432896
20.491342,0.095678,-0.001674,0.308957,-177.8284159221925,-9.849008140249909,-173.86818586186152
20.495344,0.096043,-0.003407,0.309477,-178.0287870361987,-9.80036931883755,-173.90187875247497
20.50135,0.095918,-0.002485,0.307156,175.54851780906787,-14.83092572173809,-177.6674635117746
20.507324,0.097186,-0.00675,0.308105,175.20038096292197,-14.763801312172825,-177.72699271950714
20.511388,0.097851,-0.008933,0.308577,175.04350373253155,-14.736761557318076,-177.7516154897631
20.515355,0.098536,-0.01115,0.309046,174.89880954097353,-14.712522082996134,-177.77370717756415
20.521324,0.098962,-0.011657,0.308098,172.22139059833393,-16.52376063538625,-177.56292571396185
20.527331,0.100613,-0.016519,0.308959,171.98362697171626,-16.49304237882184,-177.59321850536776
20.531702,0.101477,-0.019008,0.309381,171.87580903840603,-16.48050153571546,-177.601698712273
20.535512,0.102368,-0.021533,0.309797,171.77258800104207,-16.469984233673284,-177.6049131702738
20.539342,0.098282,-0.022111,0.312969,172.10477019185535,-15.68407183130356,-176.9650449324319
20.543363,0.099049,-0.024655,0.313455,172.01082449588347,-15.67566036958394,-176.96194609452007
20.551411,0.100654,-0.029844,0.314408,171.83694930949204,-15.660692090390038,-176.95192098088086
20.55551,0.101492,-0.032492,0.314874,171.75419424412152,-15.655235777151965,-176.94519857701158
20.559343,0.09571,0.002007,0.310807,174.1685367145304,-13.418942669698504,-175.06371423978413
20.563388,0.096368,-8.4e-05,0.311242,174.09505341449045,-13.419171996013903,-175.05258624846255
20.571478,0.097737,-0.004343,0.312094,173.969035810646,-13.427594302604257,-175.02128050729783
20.575368,0.098448,-0.006511,0.312511,173.91558132678657,-13.43586280349611,-175.00131626878598
20.579581,0.096716,-0.007366,0.314321,174.68256915233658,-13.088379051482018,-174.91528041512518
20.583366,0.097378,-0.009516,0.314766,174.63705306415835,-13.09728569532702,-174.89147796036102
20.587522,0.098059,-0.011686,0.315204,174.59315147573395,-13.104714110599025,-174.86701370242614
20.595364,0.099472,-0.016083,0.316057,174.50729297850626,-13.113595450845601,-174.81858937399872
20.599366,0.096088,0.00362,0.313882,176.12167422550468,-11.964764161625965,-173.9941358251331
20.603354,0.096704,0.001747,0.314283,176.07834385035122,-11.96217971960112,-173.97392325740321
20.60736,0.097335,-0.000141,0.314679,176.03338640685482,-11.956928113404253,-173.95653053859778
20.615393,0.098636,-0.003956,0.315454,175.9396790825362,-11.94409199968613,-173.9281524334008
20.619341,0.097399,-0.005386,0.316603,176.52479038603192,-11.568917654638158,-173.8518085329527
20.623411,0.098006,-0.007291,0.317,176.47808183997296,-11.567761240867451,-173.84012535097764
20.627374,0.098623,-0.009209,0.31739,176.4342197379667,-11.570246459306775,-173.83010070186128
20.631341,0.09925,-0.011141,0.317775,176.39393729935242,-11.57630358865548,-173.82214698392838
20.639327,0.098563,-0.013804,0.319195,176.90418128788178,-11.408176306772873,-173.88910316716547
20.643371,0.099151,-0.01573,0.31958,176.86992333293858,-11.41894926044855,-173.8859734364597
20.647334,0.09975,-0.01767,0.319959,176.83738649935742,-11.42992440121368,-173.88288777334012
20.651365,0.100359,-0.019623,0.320329,176.80717218276345,-11.44099725783501,-173.87887674254458
20.655339,0.100977,-0.021589,0.32069,176.78041046997737,-11.450496208216768,-173.87388768965747
20.659369,0.098304,-0.007492,0.319343,177.8909224454273,-11.133444994651532,-173.6506629071465
20.663368,0.098849,-0.009213,0.319688,177.87292222185408,-11.140466378757765,-173.64410843773788
20.667347,0.099402,-0.010945,0.320024,177.85893861140326,-11.145157364985874,-173.63719236898012
20.671355,0.099963,-0.012689,0.320353,177.84561222832374,-11.147795177796384,-173.62867820978772
20.675358,0.100533,-0.014444,0.320674,177.83215189784477,-11.148083736224182,-173.61868429919977
20.683365,0.099554,-0.01596,0.321755,177.90176969258908,-10.995009716488315,-173.5586098914771
20.687391,0.100075,-0.017714,0.322071,177.88615288816635,-10.99602361531853,-173.5420840983728
20.691393,0.100604,-0.019479,0.322379,177.87398663067592,-10.998699777901907,-173.52411804153638
20.695392,0.101141,-0.021256,0.322679,177.86640244703293,-11.001620107923108,-173.50601034452063
20.699435,0.098121,-0.001618,0.319716,178.9075332008144,-10.305508499668717,-173.1250011823082
20.70338,0.098563,-0.003081,0.319971,178.9128612846744,-10.309225550913336,-173.1099926190845
20.707378,0.09901,-0.004554,0.320218,178.92388785133573,-10.311326636427033,-173.09701408565257
20.711413,0.099462,-0.006037,0.320459,178.9377114023788,-10.312907123669197,-173.08658617816909
20.71541,0.09992,-0.007529,0.320694,178.9529368259261,-10.31413662873963,-173.07862609356647
20.719344,0.100171,-0.005956,0.316817,170.64359464954552,-15.788960409464636,-174.04199526230357
20.727358,0.101661,-0.009825,0.317124,170.6697660835072,-15.788945473521464,-174.0244662134192
20.731404,0.102437,-0.011802,0.317265,170.68202550836784,-15.790008186554147,-174.01463764516652
20.735388,0.103236,-0.013807,0.317395,170.6936440982841,-15.792399803413337,-174.0060847748325
20.739408,0.10386,-0.016531,0.316363,167.47203870855736,-17.65927724182662,-174.27788554897742
20.743384,0.104776,-0.018763,0.316447,167.48612521519908,-17.66191738544763,-174.27516880318385
20.747418,0.10572,-0.021034,0.316522,167.50250130404802,-17.663237046721097,-174.27589867313532
20.75148,0.106692,-0.023342,0.316584,167.51826789933287,-17.663358900845825,-174.27877813639287
20.755371,0.107689,-0.025686,0.316636,167.5335533027777,-17.66170046656215,-174.2840979757627
20.761537,0.108289,-0.031357,0.316587,165.78280678863885,-19.444287483471435,-175.46987999342034
20.763382,0.109384,-0.03389,0.316601,165.79388595990451,-19.438719496357315,-175.47771381250604
20.771376,0.111662,-0.039082,0.31659,165.801952291017,-19.418761573729373,-175.49124683607224
20.775392,0.112846,-0.041744,0.316566,165.79789303568495,-19.405308954451808,-175.49428417471492
20.779353,0.112844,-0.044387,0.315893,163.94572121475665,-20.383371117724828,-175.2043702394433
20.783378,0.114094,-0.047227,0.315822,163.94180825749456,-20.36906154772156,-175.2053002462036
20.787351,0.115373,-0.050114,0.315736,163.94158182715398,-20.355211760396294,-175.20649887844993
20.791515,0.116686,-0.053056,0.315637,163.944574765523,-20.342496078968036,-175.2079952858635
20.795336,0.11803,-0.056049,0.315525,163.95135604024927,-20.331127111008694,-175.2092955853585
20.799325,0.102919,-0.010036,0.315148,168.51767114793506,-16.42714817024306,-174.2436356412984
20.803363,0.10382,-0.012302,0.31515,168.52915747047246,-16.41634124228604,-174.24336952405827
20.807338,0.104744,-0.014608,0.315145,168.54148317510692,-16.405218323732818,-174.24314318054397
20.815359,0.106662,-0.019334,0.315117,168.5617476707633,-16.382179127115513,-174.24328615788602
20.819473,0.101876,-0.018053,0.318143,170.92848470640143,-14.940674683422323,-174.22192842139512
20.823369,0.102695,-0.020361,0.31821,170.9348517332108,-14.930262001556521,-174.22055111495445
20.827407,0.103533,-0.022702,0.318272,170.9425564493233,-14.921186375984124,-174.21761700682583
20.83136,0.10439,-0.025074,0.318332,170.9525807820678,-14.913159966651305,-174.21361306000446
20.835419,0.105268,-0.027485,0.318388,170.96644994979732,-14.906078521241158,-174.2091303136713
20.839358,0.106166,-0.02993,0.318441,170.98365113632994,-14.899720119337703,-174.20479564472046
20.84335,0.107086,-0.03241,0.318493,171.00325123553472,-14.893147000696088,-174.20091875784925
20.84736,0.102612,-0.022491,0.316379,172.5309585251651,-13.734624976326035,-173.96349938188345
20.851377,0.103401,-0.024821,0.316407,172.55306303914477,-13.72705391633098,-173.95960994238462
20.859422,0.105037,-0.029567,0.316462,172.59469345622057,-13.708680279648611,-173.95020683831788
20.863415,0.105883,-0.031985,0.316489,172.6127379924642,-13.69793906098809,-173.94496298309318
20.869355,0.10675,-0.034434,0.316516,172.62811979002143,-13.685640813157194,-173.9405652701304
20.871327,0.107636,-0.03691,0.316544,172.6393821679555,-13.672571191409851,-173.93813417192405
20.879363,0.109465,-0.04195,0.316601,172.64974442517718,-13.648226262916307,-173.93984956295523
20.883347,0.110407,-0.044514,0.31663,172.65107226176065,-13.638275535905734,-173.94105977082447
20.887426,0.111368,-0.047108,0.316658,172.65154465752494,-13.62958278901427,-173.94057733320446
20.891337,0.112349,-0.049729,0.316687,172.6513546624611,-13.622549857598017,-173.93942041481856
20.895323,0.113349,-0.05238,0.316715,172.65034567240124,-13.616906871319433,-173.93877024877708
20.903391,0.107399,-0.056116,0.321984,173.8202174014924,-12.543997542122112,-173.94340268997368
20.907323,0.108199,-0.058765,0.322151,173.81646196662592,-12.5359122010363,-173.94474376328563
20.911455,0.109016,-0.061438,0.322318,173.81041258437602,-12.525467148957505,-173.94514440730867
20.915319,0.10985,-0.064137,0.322485,173.8021941459921,-12.512913829797755,-173.94462556198332
20.923367,0.10671,-0.067876,0.325195,173.95619746345542,-12.189623580021793,-173.932561172171
20.927352,0.107453,-0.070618,0.325431,173.9401108562968,-12.176258498109034,-173.93261316710314
20.931445,0.108212,-0.073386,0.32567,173.92535801645545,-12.164936406960582,-173.93535573992125
20.935352,0.108985,-0.076182,0.32591,173.91445665946478,-12.157853503241665,-173.94070199860087
20.94142,0.10617,-0.075892,0.327994,174.51417480527823,-11.826509405295168,-174.0020251551867
20.947345,0.10756,-0.081462,0.3286,174.51457425837611,-11.830192324516696,-174.01214618235184
20.951397,0.108277,-0.084287,0.328905,174.51897279171513,-11.836273191737469,-174.0144782930819
20.955565,0.10901,-0.087136,0.32921,174.52476971477486,-11.843209250782207,-174.01622949219094
20.959398,0.109584,-0.091484,0.325062,163.11674098000069,-19.824268596585497,-173.95998427931883
20.967372,0.111959,-0.098607,0.325366,163.12895198676387,-19.839738748141304,-173.96201233413487
20.9714,0.113205,-0.10225,0.325503,163.13613254609118,-19.845784950848742,-173.96342660814145
20.975365,0.11449,-0.105946,0.325627,163.14448909259153,-19.849660119453162,-173.96505259996258
20.980319,0.114839,-0.109635,0.325581,162.64509762181814,-20.35968241648582,-173.90992337724546
20.983394,0.116195,-0.113459,0.325679,162.64910162310838,-20.35705566169318,-173.91063072022177
20.991762,0.119021,-0.121265,0.32584,162.6537068978224,-20.35414012203103,-173.90760567038507
20.995411,0.120493,-0.125252,0.325904,162.65658427079802,-20.3561045137126,-173.90429540971127
21.001355,0.112669,-0.119359,0.330602,166.4011431174614,-18.824829224416483,-173.3397978853264
21.003395,0.11391,-0.12314,0.330819,166.40796707324176,-18.83389566041342,-173.33664735168523
21.011461,0.116494,-0.130828,0.331232,166.42833512376737,-18.859114989405022,-173.33597485461019
21.015384,0.117841,-0.134738,0.331426,166.4408669896496,-18.873097870333254,-173.33811198098252
21.021399,0.112902,-0.138396,0.335895,170.49136413438583,-15.379320133573989,-174.16461930757126
21.023558,0.113979,-0.142209,0.336215,170.50434573456084,-15.389173738731774,-174.1697177433747
21.027351,0.115084,-0.146056,0.336533,170.51384155510496,-15.396189044703023,-174.17587713111277
21.031373,0.116214,-0.149931,0.336847,170.51941386524965,-15.39928434418679,-174.18321538322456
21.035354,0.117373,-0.153843,0.337159,170.51934898041765,-15.400381860396966,-174.19147583980453
21.039404,0.113072,-0.153938,0.340005,170.62117699330045,-14.79333485054402,-174.1144384269973
21.043368,0.114105,-0.157877,0.340387,170.61327067022634,-14.791757811723384,-174.1239634660217
21.047437,0.115162,-0.161851,0.340766,170.60198467332242,-14.791409133517584,-174.13315333190195
21.051528,0.116241,-0.16586,0.341143,170.5919111778847,-14.79360149292085,-174.14287332993598
21.05936,0.114289,-0.167918,0.342775,172.31779544611248,-13.4561060061785,-173.6063033082707
21.063335,0.115271,-0.171904,0.343191,172.3128551385362,-13.46467623315429,-173.61398244585757
21.067342,0.116271,-0.175923,0.343603,172.3096321456781,-13.475058216184086,-173.6194362519206
21.07157,0.117291,-0.179974,0.34401,172.30761524938828,-13.486363272553461,-173.62206392455724
21.075404,0.118329,-0.184052,0.344413,172.30637928547094,-13.497213246956244,-173.622487013664
21.079309,0.115101,-0.183321,0.346846,175.0068351006607,-12.291059784899966,-175.02951813022585
21.083347,0.115999,-0.187268,0.347315,175.0063565040599,-12.301565551830748,-175.02966206698045
21.087361,0.116912,-0.191241,0.34778,175.0078361752634,-12.311552446657672,-175.02968362840824
21.091441,0.11784,-0.19524,0.348243,175.01234500483991,-12.321202953736117,-175.0297177374498
21.095526,0.118783,-0.199265,0.348702,175.01925235580515,-12.330343581026305,-175.02944650246448
21.10345,0.102362,-0.037418,0.319678,176.7648664293933,-11.06319038738123,-174.24608695742336
21.107509,0.103046,-0.039714,0.319897,176.77845841130704,-11.072466156029389,-174.24504710176024
21.113473,0.103743,-0.04203,0.320113,176.7918302839342,-11.081264740552434,-174.24388327359483
21.11537,0.08979,0.040719,0.307224,178.33021981682086,-11.67495949380393,-173.98178318643855
21.12138,0.088333,0.048253,0.306132,179.1099281355232,-10.815554537816563,-173.5187894305796
21.125393,0.088115,0.048855,0.306079,179.15471879206305,-10.795568775710105,-173.5170707190875
21.129422,0.08801,0.049105,0.306066,179.19553602659462,-10.773299675429584,-173.51949034636147
21.131348,0.087953,0.04921,0.306071,179.23597048516123,-10.749511426208791,-173.52429136766037
21.137353,0.087921,0.049244,0.306083,179.27570873166655,-10.724651862088848,-173.5308740301519
21.141338,0.087686,0.049865,0.306031,179.78955147574194,-10.291415446338547,-173.28977063810802
21.149403,0.087676,0.049803,0.306062,179.8559303002001,-10.25790269156949,-173.30114387595833
21.151333,0.087675,0.049758,0.306079,179.89165127865328,-10.242789678330826,-173.3079055047343
21.156188,0.087677,0.0497,0.306098,179.93140830709632,-10.226870713434637,-173.31548843572918
21.159335,0.087535,0.049827,0.306114,-179.6421429640042,-9.899253074675206,-173.0609113323918
21.163478,0.087539,0.049774,0.30613,-179.60650156618723,-9.888801808654847,-173.06733840484063
21.169389,0.087546,0.049714,0.306148,-179.56792270472206,-9.875656774566604,-173.07392576392826
21.171339,0.087552,0.049654,0.306166,-179.52892797901325,-9.862762570989842,-173.08018290910928
21.175373,0.087559,0.049593,0.306184,-179.4882709814814,-9.849040923100404,-173.08645079515838
21.179478,0.087431,0.049689,0.306193,-179.15591806070069,-9.590629515098655,-172.93475880089218
21.183618,0.087438,0.049639,0.306208,-179.1208062757048,-9.579983020592007,-172.93906032656142
21.191384,0.087453,0.049549,0.306231,-179.0619949738123,-9.56976895037094,-172.94323681270535
21.195343,0.087462,0.04952,0.306235,-179.03554152417775,-9.572945878614924,-172.94083311677207
21.199361,0.087338,0.04911,0.306285,-178.5932434972894,-9.543525152812323,-172.82540168210403
21.203347,0.087354,0.049084,0.306283,-178.57132549333346,-9.55004719511421,-172.8221891162932
21.207367,0.087377,0.049051,0.306278,-178.5482376201097,-9.556413889475527,-172.8190756320303
21.211358,0.087408,0.049012,0.306273,-178.5256758159231,-9.560326701909187,-172.8161340747821
21.21535,0.087446,0.048966,0.306266,-178.50446439198578,-9.562184249076115,-172.8133941620661
21.219307,0.087369,0.048877,0.306283,-178.277592756547,-9.40465509214304,-172.7405126857037
21.225398,0.08742,0.048818,0.306276,-178.26210299904852,-9.400184870416483,-172.73769635457288
21.229342,0.087478,0.048753,0.306267,-178.25251405987046,-9.391547694566245,-172.73424947217816
21.235353,0.087617,0.0486,0.306251,-178.24335662698195,-9.369147299854168,-172.72623892501693
21.241343,0.087493,0.049042,0.306184,-177.81270903051896,-9.061961218888152,-172.70377286562464
21.243333,0.087568,0.048954,0.306177,-177.81259537897935,-9.048794480319762,-172.700593097942
21.247346,0.087649,0.048859,0.306171,-177.81171901766933,-9.036373210875235,-172.69749750141685
21.255362,0.087829,0.048643,0.306162,-177.80813747384784,-9.01480157963737,-172.6891649285828
21.259355,0.087213,0.05042,0.303776,174.33547204060076,-13.70565350665495,-174.84858198765056
21.263419,0.0875,0.050023,0.303751,174.3383916500604,-13.694898954806836,-174.8432950186042
21.267348,0.087807,0.049598,0.303727,174.34041329383788,-13.68430271974646,-174.83752242770194
21.271358,0.088134,0.049144,0.303702,174.3418006846275,-13.673592369063714,-174.83204089276623
21.279341,0.088687,0.049492,0.302451,170.82450618939782,-15.831038592417741,-175.01669380027653
21.283343,0.08916,0.048818,0.302402,170.82359714599423,-15.823586382990781,-175.00907897650274
21.287338,0.089659,0.048109,0.30235,170.82197844544453,-15.818907174480541,-174.99996450315626
21.291382,0.090184,0.047362,0.302293,170.82150313831198,-15.817362283890105,-174.99027926782009
21.299507,0.09125,0.0449,0.301658,168.6722828151897,-17.361027094547577,-175.83973818410078
21.303502,0.091903,0.043955,0.301567,168.6716827974318,-17.361749999113442,-175.8301339483384
21.307329,0.092586,0.042968,0.301467,168.6714788061272,-17.360540546778296,-175.8211333845663
21.311431,0.084953,0.051868,0.303235,170.105841770613,-17.04145209202839,-176.6640717753415
21.315318,0.084232,0.052591,0.303423,170.32187608945478,-16.95855423339025,-176.78921014848328
21.323313,0.083296,0.054208,0.303129,168.64924501683396,-18.067952470031575,-176.74404796425455
21.329318,0.083353,0.054059,0.303147,168.73184152818985,-18.023736537757,-176.79378825682858
21.331304,0.083412,0.053954,0.303152,168.7551135098428,-17.992467886975618,-176.81171961930315
21.335335,0.083487,0.053846,0.303146,168.75478203517824,-17.973082861892387,-176.81529153986972
21.345334,0.083401,0.05339,0.30298,167.62972259773505,-18.859547308526043,-177.39261496719888
21.349583,0.083564,0.053169,0.302951,167.61477405254772,-18.851381121223493,-177.3878596190403
21.353367,0.083758,0.052903,0.302916,167.59960613877303,-18.844943050303723,-177.38276232847286
21.355442,0.083984,0.052593,0.302873,167.58584060627533,-18.84052794013603,-177.3770826447068
21.359313,0.084141,0.053195,0.302704,169.97196629445622,-16.79519829361683,-176.13176371869937
21.367361,0.084674,0.052449,0.302608,169.94631728785566,-16.789486144774106,-176.11564167393112
21.371333,0.084981,0.052019,0.30255,169.93314531307226,-16.787318718751717,-176.1053772137649
21.377352,0.085316,0.05155,0.302487,169.92147398222002,-16.785653614401024,-176.0952872518767
21.381396,0.08545,0.052268,0.302609,171.86482296003584,-14.543637287887774,-175.31025940754148
21.389333,0.086121,0.051252,0.302493,171.84881664161952,-14.542495613155351,-175.29007303998745
21.391365,0.086489,0.050697,0.302428,171.84426304425648,-14.543093396452502,-175.2802788526091
21.395354,0.086881,0.05011,0.30236,171.84097463046936,-14.542478733671848,-175.27085670529027
21.40134,0.086831,0.04978,0.302494,172.4661095724959,-14.07280653026308,-175.11693012789326
21.40539,0.08724,0.049154,0.302427,172.4643111020426,-14.07088897725374,-175.10920175426057
21.407318,0.08767,0.048498,0.302355,172.4643600185056,-14.06766147537349,-175.1036524200614
21.413395,0.088121,0.047811,0.30228,172.46436940819518,-14.063394861920086,-175.10024617795662
21.415376,0.088592,0.047094,0.302202,172.46539699757898,-14.057900000480371,-175.09880077238603
21.421341,0.088223,0.048103,0.302241,173.3196665864211,-13.290134529707249,-175.10267647662386
21.425379,0.088685,0.047364,0.30217,173.32059042353703,-13.28401582551602,-175.10005675372057
21.431301,0.089664,0.045803,0.302023,173.32067744374086,-13.273090692057057,-175.0903550320602
21.437335,0.090181,0.04498,0.301946,173.32053020121504,-13.267293949557853,-175.08387357863833
21.441446,0.085166,0.052692,0.302953,174.65184027248418,-12.740426786021308,-175.41909012962466
21.445349,0.084718,0.053356,0.303046,174.82688720310517,-12.673449019934637,-175.4769191484931
21.449446,0.084558,0.053557,0.303097,174.93973229174853,-12.621994485027248,-175.51130963347046
21.451396,0.084481,0.053624,0.303134,175.03621484196648,-12.576161765981169,-175.53922981913922
21.455348,0.08444,0.053636,0.303166,175.12742406252806,-12.533256069298744,-175.56494180512854
21.461369,0.084533,0.054392,0.302986,175.8355784557561,-11.706593453749548,-175.34911271053406
21.465349,0.084523,0.054362,0.303009,175.90049242004116,-11.67721700825594,-175.35853848735226
21.46742,0.08452,0.054323,0.303031,175.9661288530408,-11.647523152906071,-175.36824371339307
21.475333,0.08452,0.054234,0.303071,176.09780278150922,-11.592992734035422,-175.38842466656948
21.481337,0.084696,0.054187,0.302895,177.36705866560516,-10.855366940444164,-174.3856356111258
21.48538,0.084699,0.054149,0.302909,177.41055499220846,-10.837886280676027,-174.38995006958407
21.487363,0.084704,0.054109,0.302925,177.4535002938906,-10.817143796975941,-174.39404915275747
21.491407,0.08471,0.054065,0.30294,177.5019807433444,-10.796918416788111,-174.39968630773336
21.497411,0.084716,0.054022,0.302956,177.5491721075444,-10.774551063911423,-174.40523253206536
21.501419,0.083334,0.057056,0.301646,172.26970369268628,-14.224097871749423,-175.54141954909923
21.505422,0.083344,0.056982,0.301668,172.338846499156,-14.197399835596842,-175.56430561248283
21.509518,0.083355,0.056908,0.30169,172.41023607615804,-14.167877564041957,-175.587744967389
21.511497,0.083366,0.056834,0.301712,172.48502184160617,-14.137224540090939,-175.6121176141011
21.521385,0.082701,0.057998,0.301132,169.9290815693871,-15.956449788390378,-176.05637560751097
21.525479,0.082714,0.05791,0.301156,170.01528041632739,-15.923189900819454,-176.0951243028135
21.527347,0.082727,0.057821,0.301181,170.1062069931967,-15.889468365944813,-176.1346409288471
21.533391,0.082739,0.057732,0.301206,170.20274602296638,-15.855459800682688,-176.1751624849827
21.535357,0.082753,0.057644,0.30123,170.3001065286857,-15.819119556657714,-176.21476532926306
21.539406,0.082304,0.058468,0.300821,168.4425071295375,-17.10892798581075,-176.32984817226244
21.545359,0.082317,0.058376,0.300846,168.5418481091413,-17.07177044882979,-176.3785821478619
21.54732,0.082332,0.058286,0.300871,168.64132906235466,-17.030402241414894,-176.42642127125404
21.551363,0.082348,0.058198,0.300897,168.74211197551293,-16.98444109133103,-176.47392435853243
21.557374,0.082364,0.058109,0.300922,168.8474916182968,-16.937983125927243,-176.5224149791673
21.565337,0.082074,0.058382,0.300696,167.68084763907333,-17.82490368492032,-176.72599581975243
21.569341,0.082091,0.058294,0.300722,167.78160686943338,-17.772562275385052,-176.78128608231793
21.57146,0.082109,0.058207,0.300748,167.88658029526778,-17.717898266714784,-176.83797451710765
21.575424,0.082126,0.058117,0.300775,167.99921753451738,-17.662391820228713,-176.89771245765746
21.581343,0.082541,0.061172,0.300452,170.20728005134114,-14.709198657712257,-176.52734134446038
21.58553,0.082552,0.061097,0.300472,170.2814633004285,-14.68188404489053,-176.54486952654
21.587354,0.082565,0.06102,0.300494,170.36067854670273,-14.650204859338373,-176.56350960986876
21.593396,0.082578,0.060943,0.300516,170.44113992970165,-14.614867851384838,-176.58258974747525
21.595328,0.082591,0.060865,0.300539,170.52655111308866,-14.576847272737147,-176.6031979667631
21.599332,0.081544,0.063388,0.299441,165.39295213585083,-17.836313881446628,-177.18134230399417
21.607309,0.081571,0.063202,0.299488,165.58876719379788,-17.770666758099058,-177.26352209553895
21.611358,0.081584,0.063109,0.299511,165.69403994532072,-17.734567219875583,-177.3063369649691
21.617342,0.081598,0.063036,0.299527,165.7741599985488,-17.70571748997759,-177.3387775435681
21.621357,0.080999,0.064261,0.298954,162.84487768905268,-19.6775037049844,-177.37452857719927
21.625319,0.081039,0.064187,0.298946,162.85297019284965,-19.675547249857384,-177.37979012853972
21.631324,0.0812,0.06391,0.298898,162.85490801509144,-19.688594376747574,-177.37564782171245
21.637327,0.081678,0.064775,0.298657,167.11545388243698,-17.01273644949001,-175.6618191425548
21.641368,0.081809,0.064559,0.298617,167.11671229389924,-17.02661338403112,-175.65593909370278
21.645395,0.081967,0.064303,0.298565,167.1185759212019,-17.03995205668155,-175.6492823652072
21.647508,0.082153,0.064005,0.298505,167.1211608905099,-17.05235009526261,-175.64238457550073
21.657437,0.082709,0.063428,0.298301,169.68485347688855,-15.66999257168996,-175.20127538979176
21.661345,0.082956,0.063055,0.298223,169.6890063297553,-15.669934688778373,-175.197798700962
21.665338,0.08323,0.062646,0.298138,169.69469592983015,-15.665900854968315,-175.19631203330184
21.667308,0.08353,0.062201,0.298047,169.7012901243283,-15.657427139161369,-175.1968980968647
21.677339,0.084146,0.061489,0.297801,171.88799732404996,-14.54315067217025,-174.8823916953735
21.681346,0.084493,0.060988,0.297707,171.89716382731982,-14.528775137294287,-174.88272433258552
21.685314,0.084862,0.060456,0.297611,171.9068901416634,-14.514768203727758,-174.88135583567313
21.689357,0.085256,0.059891,0.297514,171.91479860720335,-14.502024518731423,-174.87906747707137
21.693368,0.085672,0.059295,0.297418,171.9217906799604,-14.492114309799797,-174.87610555817497
21.701317,0.086193,0.059135,0.297193,172.98698273719583,-13.342394645549327,-174.1348792929243
21.705359,0.08663,0.058476,0.297105,172.98769126797893,-13.341197734333234,-174.13156953172103
21.707338,0.087086,0.057787,0.297018,172.98575738938595,-13.343891160649054,-174.1273412994735
21.713369,0.087562,0.05707,0.296933,172.98204667817268,-13.348872371587088,-174.1220429719984
21.721337,0.087871,0.056458,0.296699,173.4774671203003,-12.805057519272184,-173.77408712247995
21.725548,0.088362,0.055679,0.296613,173.46779674076976,-12.8162686245937,-173.76936987866202
21.729463,0.088871,0.054874,0.296526,173.45746878005045,-12.828111696628934,-173.76627327548397
21.731471,0.089399,0.054043,0.296435,173.44845513222887,-12.839311884383434,-173.76521679571127
21.737339,0.088554,0.057343,0.296175,173.79271223945926,-11.619969111552246,-173.8098576865911
21.745308,0.089525,0.055634,0.29601,173.7753650027205,-11.628187881033032,-173.8132082338011
21.74934,0.090035,0.054742,0.295923,173.76500076331473,-11.626725149102343,-173.81497116141705
21.753355,0.090559,0.053824,0.295834,173.75199216904727,-11.6219839029789,-173.81597315660088
21.759362,0.089906,0.053053,0.296359,174.053732184176,-11.442335891330437,-173.84594616624452
21.765291,0.090921,0.05112,0.296222,174.025571858599,-11.4325959373135,-173.847083678226
21.767301,0.091449,0.050113,0.296152,174.01713143979313,-11.431866179777993,-173.8477497637553
21.773339,0.09199,0.049079,0.296082,174.0145177667367,-11.434259556955611,-173.84723280784476
21.779303,0.090446,0.051216,0.29658,174.762775282127,-10.70008568707403,-174.15218286917755
21.781291,0.090913,0.050203,0.296542,174.76901685404377,-10.705931103332237,-174.14961133730796
21.785315,0.09139,0.049168,0.296503,174.7769632751212,-10.713991688828644,-174.14570331346897
21.789358,0.09188,0.048107,0.296465,174.78606296777284,-10.724134474374976,-174.14064425485302
21.791312,0.092382,0.047024,0.296425,174.79428681173678,-10.734442109512093,-174.13502722781317
21.79737,0.090842,0.04599,0.29712,176.02020922718532,-10.088375317505063,-173.8342721853029
21.801344,0.091267,0.044914,0.297102,176.02596031350666,-10.099599050976694,-173.82973612157386
21.809352,0.092149,0.042706,0.297064,176.03602632634826,-10.119763027590983,-173.819935809323
21.813378,0.092607,0.041573,0.297044,176.0417670311653,-10.127851620904861,-173.81460342246447
21.817313,0.091092,0.040404,0.297847,176.2938186484797,-9.97560372639585,-173.68354874018254
21.821341,0.091498,0.039243,0.297853,176.299545316533,-9.981314226009703,-173.67911946852269
21.82534,0.091915,0.038066,0.297858,176.30446099997033,-9.98529400828822,-173.67607094234907
21.827386,0.092343,0.036872,0.297862,176.30852302577821,-9.987757497694268,-173.6741471103449
21.83346,0.092783,0.035658,0.297866,176.31034258095886,-9.988512810596617,-173.67312125286566
21.839442,0.093234,0.034426,0.297872,176.31043866047293,-9.987459436972735,-173.6721436968914
21.841426,0.093696,0.033176,0.297878,176.30743784473927,-9.98475111386156,-173.6716296119469
21.845364,0.09417,0.031907,0.297885,176.30188110813197,-9.981112402422543,-173.67160816496767
21.851345,0.09515,0.029311,0.297901,176.28271087864704,-9.973686887420758,-173.67272296150801
21.857353,0.086139,0.060376,0.296355,178.13103217863787,-9.713312830975081,-173.31858637030203
21.86138,0.085676,0.061638,0.296326,178.2762484184165,-9.670225774412929,-173.33236446305898
21.865408,0.085515,0.062037,0.296329,178.37184369224425,-9.642603968553074,-173.3439431380779
21.869586,0.085439,0.062204,0.29634,178.45589727646313,-9.618344857983484,-173.35500995077365
21.87338,0.085399,0.062277,0.296353,178.53609003798903,-9.596268858591147,-173.36566348904807
21.877384,0.085489,0.060967,0.296508,179.53407541584906,-9.176209964524675,-172.69093648633358
21.881366,0.08548,0.06098,0.296518,179.58492285816925,-9.162154583696623,-172.69607319774803
21.885378,0.085476,0.060976,0.29653,179.63672753747358,-9.14757989776424,-172.70127296270712
21.88743,0.085476,0.060966,0.296541,179.68446196971846,-9.13078803357271,-172.70568925059774
21.89741,0.085519,0.059996,0.296706,-179.65065012561962,-8.859093995328529,-172.4616826672982
21.899491,0.085521,0.059982,0.296714,-179.61759518191846,-8.848131862535693,-172.46426730441513
21.905451,0.085524,0.059967,0.296722,-179.58488185670163,-8.837595564416857,-172.46725840671914
21.909464,0.085527,0.059951,0.296731,-179.55279434908755,-8.825983958277599,-172.47020369744706
21.91141,0.085531,0.059934,0.296739,-179.52214625255013,-8.815088320766593,-172.47304228035333
21.917441,0.085579,0.059051,0.296915,-178.99293432547066,-8.607983120956627,-172.3038827290523
21.921414,0.085583,0.059036,0.296922,-178.97067053958583,-8.59841988207862,-172.30504019222752
21.928716,0.085587,0.059019,0.29693,-178.94718483958337,-8.588133531601942,-172.30652428605686
21.931485,0.085592,0.059001,0.296937,-178.92294176613905,-8.577426595847037,-172.30850891421835
21.933421,0.085597,0.058982,0.296945,-178.89688907984618,-8.566374474720735,-172.31132567615043
21.941475,0.085632,0.058263,0.2971,-178.48098456428804,-8.397580037509726,-172.21232061752963
21.945437,0.085636,0.058246,0.297107,-178.45771729108145,-8.388654962473366,-172.21520446392591
21.947393,0.08564,0.058227,0.297114,-178.4316030257565,-8.37933346823863,-172.21885768437443
21.953365,0.085644,0.058208,0.297122,-178.40424533341823,-8.370670556670682,-172.22284375260358
21.957438,0.08566,0.057655,0.297248,-178.10742772966165,-8.251360344883862,-172.1639797386579
21.959371,0.085663,0.057639,0.297254,-178.08760760927353,-8.24324589101179,-172.16608053409547
21.974817,0.085667,0.057625,0.29726,-178.0692847571051,-8.23619693628755,-172.16764217664024
21.974876,0.08567,0.057611,0.297265,-178.05018209274104,-8.229324390158268,-172.16903760141008
21.974923,0.085673,0.057598,0.297271,-178.03210147425565,-8.221924003151466,-172.1701139955387
21.97737,0.085706,0.057004,0.297409,-177.72914736358706,-8.100145440580059,-172.1091698747599
21.985525,0.085711,0.056983,0.297418,-177.70004960553007,-8.090410510405617,-172.11070258924238
21.989355,0.085713,0.056973,0.297422,-177.68685046337637,-8.084538859556694,-172.11095285989327
21.993362,0.085716,0.056962,0.297427,-177.67127827570496,-8.077680976039801,-172.11123304644238
21.997358,0.08572,0.056949,0.297432,-177.65510754267376,-8.068678982765096,-172.11140107253223
21.999344,0.085723,0.056937,0.297438,-177.6386479610636,-8.059004830037033,-172.11181854511563
22.013698,0.085759,0.05639,0.297569,-177.37304599929547,-7.938259259691658,-172.05778890481787
22.013752,0.085761,0.05638,0.297573,-177.3592105225746,-7.931743293170152,-172.0582633291864
22.017554,0.085791,0.055888,0.297685,-177.14272319676655,-7.842076308029002,-172.03181419098638
22.019595,0.085793,0.055881,0.297688,-177.13287365235556,-7.837719522108543,-172.03182949776422
22.029467,0.085797,0.055867,0.297694,-177.1150715335717,-7.828168612777798,-172.03166858432095
22.033354,0.085798,0.055861,0.297697,-177.10810468890264,-7.8234944897666,-172.03109919251654
22.039551,0.085819,0.055436,0.29779,-176.9175443794247,-7.747866036047721,-172.02726085124905
22.041397,0.08582,0.055433,0.297791,-176.91531503699235,-7.744491658275044,-172.02618671396326
22.048443,0.085822,0.055429,0.297793,-176.91158257370532,-7.7416623731525585,-172.02566945810372
22.053366,0.085824,0.055422,0.297796,-176.90695671148285,-7.735680049125262,-172.02503551203938
22.057359,0.085841,0.055067,0.297863,-176.7651552216764,-7.681286262796386,-172.00910987584467
22.059374,0.085842,0.055064,0.297864,-176.7648618718802,-7.677992644203988,-172.00848763268968
22.065378,0.085843,0.055062,0.297865,-176.76329551358774,-7.675116060913816,-172.00828773885257
22.069362,0.085844,0.055059,0.297867,-176.76084285357348,-7.671147018831111,-172.00810951053904
22.077471,0.085856,0.054754,0.297917,-176.6301180139443,-7.628912389374042,-172.02594981886392
22.081414,0.085858,0.05475,0.297919,-176.62601076401148,-7.622754195996336,-172.02593628154688
22.09252,0.08586,0.054746,0.297921,-176.6226106218433,-7.616446872864682,-172.02566380176094
22.092602,0.085862,0.054741,0.297924,-176.617084942905,-7.609590532275877,-172.02549568879397
22.097332,0.08589,0.054365,0.297982,-176.491193626163,-7.558411238833138,-172.02156092704723
22.101418,0.085892,0.054359,0.297985,-176.48418491352024,-7.552950047677372,-172.02095215056647
22.105576,0.085894,0.054354,0.297988,-176.47700403551463,-7.5464704783858965,-172.02008720730316
22.1074,0.085896,0.054348,0.297991,-176.4688133176748,-7.540296231518192,-172.01905365531266
22.11337,0.085897,0.054345,0.297993,-176.46547038036485,-7.535409018998034,-172.01752805100256
22.119354,0.085913,0.054016,0.298022,-176.4221008960577,-7.495570025944114,-172.07221363664132
22.12652,0.085914,0.054013,0.298023,-176.41985808053198,-7.492082556927463,-172.0712321167806
22.130012,0.085915,0.05401,0.298025,-176.41684262434924,-7.489220221627677,-172.07030569338121
22.131784,0.085917,0.054006,0.298027,-176.41314906130023,-7.484685668623521,-172.0692693337869
22.14138,0.085931,0.053774,0.298034,-176.40106908707205,-7.466404139307886,-172.08600532850434
22.145385,0.085931,0.053772,0.298034,-176.4000553107126,-7.464760507582184,-172.0858062899057
22.14947,0.085932,0.05377,0.298035,-176.398295815457,-7.462361183327325,-172.08562847858937
22.153473,0.085932,0.053768,0.298036,-176.39488426594662,-7.461445827117039,-172.08569131377007
22.157377,0.085957,0.053501,0.298039,-176.33336932419783,-7.430667902131591,-172.05843451908729
22.162359,0.085957,0.053498,0.29804,-176.32809759800793,-7.429318725942587,-172.0583804741858
22.165368,0.085958,0.053494,0.298042,-176.31995763391026,-7.426335867567169,-172.05823111662167
22.167366,0.08596,0.05349,0.298044,-176.31249791170592,-7.423188820502635,-172.05802745212122
22.173413,0.085961,0.053484,0.298046,-176.30144313412407,-7.417664275121923,-172.05765807504028
22.179387,0.085981,0.053432,0.297997,-176.1888766811033,-7.355825277951892,-172.02997022949222
22.185369,0.085984,0.053422,0.298002,-176.1708775051133,-7.346604194348199,-172.027821760798
22.189399,0.085986,0.053418,0.298004,-176.16188621380945,-7.341998448579518,-172.0266328116733
22.191389,0.085987,0.053414,0.298007,-176.15292776126068,-7.337410505418277,-172.0249879636829
22.197385,0.084551,0.055473,0.29625,176.09663853817227,-11.62496865640266,-174.75721939135568
22.201388,0.084558,0.055437,0.296262,176.14646017567708,-11.605667508428834,-174.76691412061163
22.205441,0.084566,0.0554,0.296276,176.1974647101777,-11.583063051198721,-174.77649255769586
22.209417,0.084575,0.055365,0.296289,176.24743397357832,-11.556815030727472,-174.78560974507965
22.213359,0.084583,0.05533,0.296303,176.29908657924835,-11.529602724022944,-174.7950237513449
22.217426,0.083847,0.056827,0.295409,172.31448025293753,-13.851227383704364,-175.34718733858912
22.221489,0.083857,0.056782,0.295424,172.37788408639446,-13.822218070898453,-175.36917259924658
22.22741,0.083876,0.056693,0.295455,172.510281081957,-13.76153239764589,-175.41472017781902
22.2334,0.083887,0.056648,0.295471,172.5808968079573,-13.728069202993796,-175.43870605820612
22.237412,0.082694,0.059859,0.294057,165.2927786380065,-17.504288935527804,-174.7770422777322
22.239372,0.082705,0.059804,0.294072,165.37647659040775,-17.474300859186414,-174.81900775797976
22.24542,0.082717,0.059749,0.294087,165.46463532237777,-17.441392229799533,-174.86236885100192
22.24937,0.082729,0.059693,0.294103,165.55808288514947,-17.406976775359734,-174.9070564244827
22.251364,0.082741,0.059636,0.294119,165.65646477677382,-17.36976582066467,-174.953069465026
22.257564,0.083289,0.059887,0.294385,168.72960467856058,-14.777210634351206,-173.53788864186845
22.26139,0.083297,0.059846,0.294397,168.79640090511597,-14.7546497363548,-173.56219853233233
22.265381,0.083306,0.059804,0.294411,168.8687617244125,-14.729536737240887,-173.58816582151286
22.273359,0.083327,0.059746,0.294421,168.93598029400354,-14.690096173142953,-173.61525575335952
22.327648,0.083585,0.059576,0.2945,170.63444722843525,-13.550363276083399,-173.25255917812063
22.327884,0.083628,0.059512,0.294487,170.62660943224645,-13.540063389973923,-173.2473894682242
22.327935,0.08369,0.059419,0.294469,170.6185188784515,-13.529049448104404,-173.24042320584795
22.327962,0.083772,0.059293,0.294447,170.6133155191363,-13.518300870477967,-173.23366159096506
22.327988,0.083875,0.059136,0.29442,170.61027712476076,-13.507296961887084,-173.2281342674101
22.331446,0.084168,0.059064,0.294523,172.08694228365616,-12.253306164062598,-173.62182923223867
22.331638,0.084292,0.058861,0.294493,172.08766532569172,-12.243580419059462,-173.61744934475112
22.331882,0.084434,0.058628,0.294462,172.09078696556233,-12.234802601905832,-173.61369498233583
22.331932,0.084594,0.058365,0.294429,172.09376309223717,-12.226954527428296,-173.60977570293883
22.383631,0.084967,0.057749,0.294361,172.09833492512135,-12.2160747649637,-173.5990577700232
22.38483,0.085181,0.057397,0.294325,172.09968591502002,-12.213618150104342,-173.59210546134298
22.3852,0.085397,0.057016,0.294546,173.93756292013805,-11.018914288859207,-173.9327331007976
22.385362,0.085608,0.056653,0.294515,173.93933505397365,-11.020821407684618,-173.92495079105367
22.385456,0.085833,0.056265,0.294483,173.9421064404135,-11.023352992643867,-173.9171181872912
22.385767,0.086073,0.055853,0.294452,173.94504810898275,-11.026277138727723,-173.91008629632563
22.385825,0.086328,0.055415,0.294419,173.94884137598515,-11.029621740013742,-173.90380153472225
22.385936,0.086598,0.054953,0.294386,173.95387964648674,-11.032123981492546,-173.89781714755281
22.385986,0.086884,0.054467,0.294353,173.9592536503186,-11.033506988584065,-173.89227331963363
22.386019,0.087184,0.053956,0.294319,173.96443171862828,-11.032815434547851,-173.88716236395297
22.432461,0.087831,0.052862,0.294249,173.9709281083427,-11.025267613064557,-173.87717103576063
22.432839,0.087696,0.052775,0.294258,174.9760450872877,-10.276119842228722,-173.84028326815852
22.432889,0.088012,0.052208,0.294224,174.9750917864874,-10.269554997637602,-173.83579266502133
22.432932,0.08834,0.051618,0.29419,174.9739565069808,-10.262408988037347,-173.8315356582376
22.433203,0.088682,0.051006,0.294158,174.97351624177918,-10.254169483967432,-173.82775544919613
22.433273,0.089407,0.049717,0.2941,174.9730117638312,-10.237599834273821,-173.82067015205908
22.4333,0.08979,0.049039,0.294073,174.9721929030933,-10.2283095044475,-173.81723787220054
22.433326,0.090186,0.048339,0.29405,174.9690188878318,-10.219165165822364,-173.81451604888292
22.455667,0.090595,0.047616,0.294028,174.96356603051788,-10.210624766617617,-173.81247761627742
22.456029,0.089757,0.047851,0.293971,175.6319691226137,-9.761145804630306,-173.90061197558813
22.456255,0.089521,0.047135,0.294023,176.38367758821,-9.325639068617157,-173.94429074149454
22.456287,0.089859,0.046417,0.294015,176.3722549625744,-9.321915977776628,-173.9388580434004
22.456668,0.090205,0.045678,0.294009,176.36238069829693,-9.320131637656905,-173.9338449126174
22.456872,0.089641,0.045123,0.294055,176.98639239277,-9.06800659443035,-173.84344984715554
22.45701,0.090288,0.043614,0.294053,176.9770220380372,-9.07195649195653,-173.8356632087598
22.457045,0.090624,0.042833,0.294054,176.9738389562275,-9.074795932046023,-173.83105141220747
22.470201,0.090967,0.042034,0.294055,176.97157353483928,-9.078474408023231,-173.8254668352663
22.470859,0.090236,0.041486,0.294132,177.56584211944647,-8.747462070716923,-173.5592615623937
22.470963,0.090543,0.040683,0.294136,177.56749672477903,-8.751347293398855,-173.55237508693693
22.471086,0.091178,0.039036,0.29415,177.57616637010062,-8.75747801139173,-173.53964930295297
22.471364,0.091507,0.03819,0.294159,177.58234081036036,-8.760139429842752,-173.53362850693074
22.471488,0.091843,0.037332,0.29417,177.58900220453296,-8.762825708429249,-173.52808098721616
22.471899,0.092186,0.036459,0.294181,177.59593765624092,-8.766126820177798,-173.5234783568171
22.473465,0.09112,0.035604,0.29463,178.18642717471246,-8.536799517433993,-173.44446599567448
22.4913,0.090372,0.034991,0.294785,178.28733236991036,-8.453633455396677,-173.38358755086173
22.491382,0.090637,0.034121,0.294821,178.2943559863503,-8.457348843319064,-173.38195990458516
22.491485,0.086887,0.052478,0.293024,179.3284291296169,-8.373073626193113,-173.25307180014318
22.491557,0.086581,0.053429,0.292992,179.41282240480055,-8.34197893025492,-173.24712932298797
22.497407,0.086392,0.053643,0.292884,179.6978503935503,-8.095057510453781,-173.02720469058028
22.501428,0.086369,0.053723,0.292888,179.7301006422437,-8.081934621408534,-173.02599232207965
22.505409,0.086356,0.053767,0.292894,179.76262172061232,-8.067000294888835,-173.02541294023183
22.509367,0.086349,0.053791,0.2929,179.79487329516422,-8.053418684668179,-173.0254577824173
22.519364,0.08628,0.053649,0.292836,-179.92127139750437,-7.9016979331964246,-172.96900580838417
22.52142,0.086281,0.053649,0.292842,-179.89527891472028,-7.891345348411689,-172.96623950199248
22.525658,0.086283,0.053645,0.292848,-179.86907305270896,-7.879274805773562,-172.96335387583292
22.529426,0.086286,0.053639,0.292853,-179.84421064449447,-7.8670116141175495,-172.96084541025579
22.53368,0.086289,0.05363,0.292859,-179.8182942386059,-7.855042045880443,-172.95886311387048
22.539389,0.086244,0.053512,0.292817,-179.5656306617112,-7.723325360758448,-172.8877142292446
22.548088,0.086247,0.053502,0.292822,-179.54429692023874,-7.714210484435603,-172.8851349750991
22.548174,0.086252,0.053488,0.292827,-179.5192365330396,-7.704286245896421,-172.88243308784288
22.549425,0.086255,0.053475,0.292832,-179.49512463971652,-7.695231414118116,-172.88015080635458
22.553375,0.086259,0.053461,0.292838,-179.47049362356708,-7.685514245695808,-172.87811953230238
22.561356,0.086229,0.053275,0.292823,-179.23337762082124,-7.577028984046366,-172.80162665176695
22.56539,0.086232,0.053261,0.292827,-179.21081382769253,-7.571114469278178,-172.79963885289982
22.569366,0.086236,0.053247,0.292832,-179.18843612892417,-7.564609930430724,-172.79774148338947
22.573713,0.086239,0.053233,0.292836,-179.16598092435416,-7.557197048414718,-172.7962176010548
22.579324,0.086198,0.053337,0.292783,-178.95719630899072,-7.471505352008139,-172.68219000453453
22.581351,0.086201,0.053321,0.292787,-178.93334361569921,-7.467091858242839,-172.68015203166405
22.585395,0.086204,0.053305,0.292791,-178.9090052522943,-7.462583969127665,-172.6783487760563
22.589407,0.086208,0.053289,0.292795,-178.88579043027258,-7.4576637725283685,-172.67659788993507
22.593394,0.086211,0.053273,0.2928,-178.86113913992682,-7.451694124162273,-172.67471655010314
22.597586,0.086183,0.053127,0.292807,-178.733619912393,-7.394169750333137,-172.60347237949088
22.605652,0.086189,0.053098,0.292815,-178.68510472533978,-7.387617492554115,-172.59973241486273
22.609426,0.086192,0.053082,0.292819,-178.65774021909414,-7.3843733737406865,-172.5978856261326
22.613367,0.086195,0.053065,0.292823,-178.62818365604377,-7.3807062971826465,-172.59571982537852
22.619367,0.08617,0.052924,0.292838,-178.48640898499661,-7.328841279933571,-172.55226430250443
22.621379,0.086173,0.05291,0.292842,-178.461503192483,-7.325124742885803,-172.54918755609236
22.625414,0.086177,0.052894,0.292846,-178.43483706990452,-7.318437431877594,-172.54552350531398
22.62939,0.086181,0.052878,0.292851,-178.40566762178625,-7.312146883509242,-172.54178090028083
22.633648,0.086184,0.052863,0.292856,-178.37748756225363,-7.305326472740463,-172.53818642408646
22.637535,0.086177,0.052601,0.2929,-178.30317805070754,-7.198589965907242,-172.52157933220735
22.64143,0.08618,0.052587,0.292905,-178.27833127052523,-7.192729446252503,-172.51719367715987
22.649366,0.086187,0.052563,0.292912,-178.23550518813494,-7.181338237360709,-172.5092295558203
22.653381,0.086189,0.052551,0.292916,-178.21327206979524,-7.177483752272796,-172.50562611697
22.657356,0.086192,0.052539,0.292919,-178.19132563395254,-7.173021629823936,-172.50219322141922
22.661404,0.086195,0.052527,0.292923,-178.16924651045218,-7.168456517463992,-172.49901504070024
22.665371,0.086172,0.052353,0.292933,-178.02418914170335,-7.1413873129636345,-172.43002469483534
22.669465,0.086175,0.052342,0.292937,-178.00462291441525,-7.1371202312157305,-172.4273650563817
22.673426,0.086178,0.052329,0.292941,-177.98323814662206,-7.131482839720611,-172.42480936383768
22.677806,0.086181,0.052317,0.292945,-177.96220524513632,-7.1244311595753045,-172.42241965616535
22.681399,0.086184,0.052304,0.292949,-177.93959492974406,-7.118061708707815,-172.4202612625875
22.688115,0.086187,0.052291,0.292953,-177.91660145434003,-7.111142080435825,-172.41811118406878
22.689431,0.086191,0.05228,0.292957,-177.8963259185144,-7.103804607512082,-172.4162495959423
22.697358,0.086196,0.052258,0.292965,-177.85519013187476,-7.091568788965465,-172.4133957190364
22.701361,0.086199,0.052246,0.292969,-177.8315404136112,-7.085722530067306,-172.41187690716416
22.707625,0.086202,0.052233,0.292973,-177.80634513260622,-7.079393975611107,-172.4105333778837
22.709324,0.086205,0.05222,0.292978,-177.78004487688662,-7.071993928698295,-172.40925227135278
22.713373,0.086208,0.052208,0.292982,-177.754922141472,-7.063249453887711,-172.40799190695984
22.71742,0.086212,0.052196,0.292987,-177.73005021790448,-7.053107635054028,-172.40680968061014
22.721383,0.086216,0.052182,0.292992,-177.7009319995251,-7.044642007701305,-172.40533040665233
22.725468,0.086219,0.05217,0.292997,-177.67491622470783,-7.036192491640536,-172.40387633392993
22.72937,0.086222,0.052158,0.293001,-177.64752552352334,-7.029677948555625,-172.40254016202033
22.733934,0.086225,0.052147,0.293006,-177.6205170296184,-7.021984247718212,-172.40114313261398
22.741367,0.08437,0.055526,0.291033,173.19223820924992,-12.6465719487811,-175.82618049712005
22.745364,0.084382,0.055476,0.291049,173.278597569997,-12.611336458165594,-175.8491180380663
22.749916,0.084394,0.055428,0.291065,173.36576208290074,-12.574698187033308,-175.87171225172014
22.753343,0.084406,0.055379,0.291082,173.45651221395863,-12.536567549244198,-175.89497340407584
22.762489,0.083919,0.055787,0.29069,171.49826188361598,-14.025759538609853,-177.13289836384945
22.765377,0.083932,0.055732,0.290709,171.59264015965834,-13.979047150621971,-177.17522726520522
22.76941,0.083946,0.055676,0.290728,171.6896355318973,-13.928568718023262,-177.21842661592288
22.773411,0.08396,0.055621,0.290748,171.79003728769376,-13.87779867131833,-177.26232200593458
22.777584,0.083635,0.055906,0.290482,170.46437324277676,-14.894539571769965,-177.87541961266732
22.785372,0.083661,0.05579,0.290519,170.6679323506314,-14.798533835513796,-177.99039222901257
22.789377,0.083674,0.055733,0.290539,170.77252232110033,-14.747652310976493,-178.04786997987762
22.793349,0.083687,0.055676,0.290558,170.8792751342092,-14.694844121713595,-178.1053286701418
22.797549,0.082724,0.058479,0.289507,164.2175297405285,-17.921875315176134,-176.3874987296856
22.805381,0.082748,0.058361,0.289536,164.4476128356199,-17.845219489836982,-176.53401947687857
22.809356,0.082761,0.058302,0.289552,164.56839348602884,-17.80051510915723,-176.6086437280759
22.813355,0.082775,0.058242,0.289569,164.6938287719846,-17.75343113490803,-176.68445182612342
22.817336,0.082683,0.058301,0.289506,164.6233889809852,-17.991937645451067,-176.58852772887934
22.821343,0.082697,0.058242,0.289522,164.755169850983,-17.94656064445639,-176.66392892790694
22.829364,0.082723,0.058122,0.289554,165.0351910768231,-17.85301184690466,-176.8175827784301
22.833846,0.082738,0.058061,0.289572,165.18228011369325,-17.800976028732382,-176.895315493685
22.837373,0.083559,0.058318,0.290032,168.6884353319332,-13.637337847501689,-173.99617163290753
22.841355,0.083566,0.058279,0.290044,168.77755565168053,-13.616288751951043,-174.02351895162033
22.849372,0.083583,0.0582,0.290068,168.9674047326659,-13.567411669543548,-174.07988690028
22.853368,0.083592,0.05816,0.290082,169.06749382794328,-13.538271701687064,-174.10893314555918
22.857419,0.083722,0.058074,0.290226,171.5080455975803,-12.322749426599126,-174.76089515845837
22.86333,0.08373,0.058042,0.290237,171.5768766599033,-12.300642265604589,-174.77017537404046
22.867313,0.083737,0.058011,0.290248,171.6471153273165,-12.276407670212533,-174.77985602407918
22.873443,0.083753,0.057964,0.290258,171.73673242547926,-12.252841138691592,-174.7799293616219
22.879333,0.083903,0.058094,0.290365,173.0728878471024,-11.2054455131603,-174.83494647199655
22.881515,0.083935,0.058038,0.290364,173.0890617880144,-11.20482470675679,-174.82910784690452
22.885337,0.083983,0.057959,0.290362,173.10190159734643,-11.205795847049894,-174.82306121493772
22.893325,0.084126,0.057725,0.29036,173.1197357293192,-11.208098098617636,-174.8144398029027
22.897382,0.084263,0.057566,0.290417,174.10011975539115,-10.607763478128474,-174.6732079389801
22.901355,0.084364,0.057399,0.290417,174.10181391141165,-10.610305992427302,-174.66941609289512
22.905427,0.084481,0.057208,0.290416,174.10153153250985,-10.613229590059202,-174.6656469900402
22.909346,0.084613,0.056993,0.290414,174.0992545351565,-10.615872610492257,-174.66251654277957
22.915453,0.084759,0.056754,0.290412,174.09534825934958,-10.618023277275329,-174.66018079989752
22.917324,0.084882,0.056485,0.290466,174.97562215250346,-10.146448902783343,-174.51979575995574
22.921341,0.085042,0.056218,0.290463,174.97001006982052,-10.148704697121945,-174.51894586465372
22.925387,0.085214,0.055928,0.290459,174.96439973028816,-10.151667332140423,-174.51862729778995
22.929394,0.085398,0.055613,0.290454,174.9602184053384,-10.154837024432739,-174.5186835656152
22.933312,0.085594,0.055274,0.290447,174.95748095595994,-10.15988108442835,-174.51807538888173
22.941536,0.085817,0.055191,0.290416,175.7750880319647,-9.692910718720382,-174.41330656476921
22.945318,0.086026,0.054813,0.290406,175.78025589619722,-9.697345123915937,-174.4078106961912
22.949337,0.086246,0.054412,0.290395,175.78613071151597,-9.701540621293752,-174.40100634773893
22.953352,0.086478,0.05399,0.290383,175.79370490782534,-9.70533758211105,-174.39356776088337
22.959345,0.086387,0.054316,0.290328,176.46072467876385,-9.267966311146406,-174.27493923290257
22.961572,0.086614,0.053883,0.290316,176.47132398082863,-9.270791150297763,-174.26707516893478
22.965492,0.086851,0.053433,0.290304,176.48175546042572,-9.273281941376993,-174.25968066041327
22.969338,0.087098,0.052964,0.290293,176.4916957273711,-9.276323529437375,-174.2523332408887
22.973406,0.087357,0.052477,0.290283,176.50121307795027,-9.278776383776629,-174.2449837720342
22.977336,0.083377,0.059513,0.288789,168.818560683496,-14.291683509097217,-176.45915292791855
22.985502,0.08278,0.060534,0.288917,169.0661371555722,-14.219256690689772,-176.4934830593523
22.989398,0.082701,0.06065,0.288945,169.16083646118304,-14.184577880443763,-176.51130784475822
22.993343,0.082656,0.060705,0.288968,169.25195669085252,-14.15057732689512,-176.5299325282952
22.999357,0.08185,0.062083,0.288368,165.81136043250783,-16.310514645016017,-176.7704761604448
23.001357,0.081831,0.062091,0.288386,165.89918312604783,-16.28090528706997,-176.80031634310532
23.005346,0.081819,0.062084,0.288402,165.99169798511133,-16.25130808387812,-176.83195834664403
23.009341,0.081814,0.062068,0.288418,166.08581136829497,-16.21534139188602,-176.8642236890836
23.013338,0.081813,0.062046,0.288434,166.18395188446343,-16.178588093123352,-176.89757492811714
23.019335,0.081296,0.062804,0.288061,163.91266299269805,-17.667898380868774,-176.91527330034367
23.021321,0.081298,0.062773,0.288075,164.0114791519443,-17.633535649004116,-176.9579672239455
23.029663,0.081308,0.062699,0.288105,164.22804266437518,-17.55986524793045,-177.0494181583851
23.03335,0.081316,0.062658,0.28812,164.34401452453238,-17.515067692947717,-177.0978141514365
23.039333,0.080744,0.063057,0.287764,161.15493728265932,-19.500450880344786,-177.99422082196622
23.041358,0.080752,0.063007,0.287778,161.27135738323437,-19.461394735389028,-178.0644540948596
23.045507,0.080762,0.062955,0.287793,161.39425909261143,-19.4190326452954,-178.1364902144391
23.049381,0.080773,0.062901,0.287809,161.5229178954597,-19.372971329530724,-178.2100132370705
23.053591,0.080784,0.062845,0.287825,161.65691534455132,-19.32320406758296,-178.28516155248445
23.057494,0.080511,0.063155,0.287646,160.55181333249837,-20.166140216157537,-178.1490272513296
23.061363,0.080521,0.063098,0.28766,160.68738112849434,-20.123919368358358,-178.23071442075064
23.067339,0.080533,0.063041,0.287675,160.82692590769503,-20.077543685563587,-178.3128600903036
23.077428,0.08056,0.062923,0.287707,161.11980937825845,-19.973222391804637,-178.48004093809948
23.079312,0.080575,0.062863,0.287724,161.27281134566496,-19.91451773394591,-178.56497458549396
23.081405,0.081429,0.063575,0.288157,166.35191286125334,-15.738787341872543,-177.17356796413932
23.087342,0.081436,0.063534,0.288169,166.4342079318626,-15.714112331257626,-177.20636961753942
23.089359,0.081444,0.063493,0.288181,166.5178725585331,-15.68638643596773,-177.23922287373784
23.093371,0.081451,0.063451,0.288194,166.60767302210073,-15.657871863419457,-177.27415101494825
23.099373,0.081108,0.064016,0.287902,161.7566864999219,-16.924293128367793,-178.33055105006866
23.101486,0.081115,0.063964,0.287914,161.85703390321956,-16.901559202822423,-178.38656613670534
23.105669,0.081122,0.06391,0.287926,161.96481054315015,-16.876571501288048,-178.44482546627756
23.111415,0.081131,0.063855,0.287939,162.07796326825988,-16.84678023827707,-178.50412076380758
23.120068,0.081069,0.063735,0.287917,162.3128635638417,-16.994380752621403,-178.668650207248
23.123537,0.081079,0.063677,0.287932,162.4433313720743,-16.957571094926028,-178.73302952043255
23.12734,0.08109,0.063619,0.287947,162.57675038973844,-16.91516272067854,-178.79778803914627
23.129332,0.081102,0.06356,0.287963,162.71470872225555,-16.870015075065382,-178.8634028891589
23.139336,0.08104,0.063446,0.287939,162.9533342353224,-17.020552810174074,-179.02993286466133
23.141339,0.081051,0.063385,0.287956,163.10500961464112,-16.974257173057886,-179.10050082903686
23.148033,0.081064,0.063323,0.287973,163.25985267652194,-16.92453751922853,-179.17131060207936
23.149421,0.081077,0.063262,0.287991,163.41662262723383,-16.871943583989033,-179.24196004727978
23.153346,0.08109,0.0632,0.288009,163.57771856046153,-16.81518844292729,-179.3135627572774
23.163354,0.080669,0.063888,0.287632,161.80214540877432,-18.33811589104837,-178.6300608164643
23.167364,0.08068,0.063832,0.287646,161.9559225284746,-18.29560482100498,-178.70158839158597
23.172008,0.080692,0.063775,0.287661,162.11221150203508,-18.248434397758796,-178.7736465012077
23.173376,0.080705,0.063718,0.287676,162.2723719032715,-18.198264955250448,-178.84652106061864
23.179341,0.081423,0.064925,0.287988,167.1691263131191,-14.42246543025288,-177.200845274283
23.187316,0.081436,0.064849,0.288009,167.33499804759958,-14.380235282590435,-177.2409158243173
23.189268,0.081442,0.06481,0.28802,167.42409868841173,-14.357091676860358,-177.26279379632027
23.19535,0.08145,0.064771,0.288032,167.51610259669064,-14.329256592596012,-177.28529687465132
23.199372,0.081777,0.064905,0.288174,170.1122870593953,-12.784179263429223,-176.49336791339312
23.207424,0.081789,0.064839,0.288194,170.2489361348959,-12.743835700630907,-176.52429815452763
23.210123,0.081796,0.064804,0.288206,170.32432056249507,-12.720907646420367,-176.5419862524477
23.213376,0.081803,0.064768,0.288217,170.40468337510916,-12.697932917959797,-176.56090246833574
23.219344,0.082031,0.064812,0.288284,171.9481557123647,-11.696796945538921,-176.06002563649687
23.223451,0.082036,0.064781,0.288293,172.01159597399933,-11.680165344729662,-176.0726202000505
23.231369,0.082048,0.06472,0.288312,172.1415517266762,-11.642698857995992,-176.09759198490505
23.233503,0.082054,0.064689,0.288323,172.21064567541973,-11.621731265574818,-176.1106841799113
23.239348,0.081084,0.066156,0.287327,167.05592311541884,-15.145966661171274,-177.0529715263613
23.243388,0.08109,0.066115,0.287338,167.1352206176553,-15.12659479808614,-177.08204160428343
23.249384,0.081104,0.066032,0.28736,167.30732295784318,-15.081606396343338,-177.1433187096513
23.255416,0.081111,0.06599,0.287372,167.40051219346094,-15.05808714421759,-177.17555632802396
23.259565,0.080409,0.066699,0.286765,163.1747793870435,-17.73624422372391,-178.08917991786313
23.2634,0.080415,0.066648,0.286776,163.275341928275,-17.716297429953457,-178.14067074914652
23.267448,0.080422,0.066596,0.286787,163.38122854237105,-17.694105605091167,-178.19352145957993
23.273419,0.080439,0.06649,0.286813,163.6101502968523,-17.636919725656043,-178.30385768972852
23.279456,0.080173,0.066983,0.286568,162.394013164619,-18.53294857376366,-177.9461386774975
23.283287,0.08018,0.066944,0.286574,162.47626688868692,-18.515467734945922,-177.98213718327742
23.285279,0.080194,0.066904,0.28657,162.52902073038067,-18.50710971822809,-177.99793582099184
23.291327,0.080228,0.066837,0.286552,162.5605132893736,-18.50399255050825,-178.003047341489
23.293262,0.080287,0.066728,0.286519,162.58496205222693,-18.50144498694616,-178.0052608577142
23.301282,0.080147,0.066951,0.286267,161.41191767943138,-19.27706110920654,-177.68903808737093
23.303286,0.080269,0.066734,0.286204,161.4344554139779,-19.27146120725675,-177.69198647467167
23.305369,0.080421,0.066463,0.286125,161.4551448225858,-19.265024569551457,-177.6954602418566
23.309311,0.080604,0.066138,0.28603,161.4726586135749,-19.258369690471202,-177.6988898913204
23.319347,0.080879,0.065476,0.285598,160.3705967523181,-20.02108219714535,-177.6510974856439
23.323335,0.081169,0.064968,0.285445,160.37868979451693,-20.01492113461971,-177.65281657466875
23.327326,0.081494,0.064403,0.285274,160.38395585723754,-20.00769925504709,-177.6544475415619
23.32934,0.081852,0.06378,0.285085,160.3888999062454,-20.001505707255163,-177.65654684208207
23.333339,0.082245,0.063102,0.284877,160.39339579178053,-19.99397880801013,-177.65915312718826
23.33931,0.083173,0.063234,0.285899,170.87345466877466,-15.144521981200704,-175.24234355578702
23.343375,0.083545,0.062719,0.285763,170.8770361556439,-15.133262246123786,-175.2455354168429
23.345346,0.083943,0.062174,0.285618,170.8812305026869,-15.122466045840849,-175.25026143951345
23.351472,0.084365,0.061598,0.285465,170.88601347683934,-15.11187693435974,-175.25565142646218
23.353427,0.084811,0.06099,0.285304,170.89288693163846,-15.102486769558409,-175.2608615771599
